{"cameraMode":{"drawMode":0,"name":"Shaded","section":"Shading Mode"},"sceneLighting":false,"audioPlay":false,"sceneViewState":{"m_AlwaysRefresh":false,"showFog":false,"showSkybox":false,"showFlares":false,"showImageEffects":false,"showParticleSystems":false,"showVisualEffectGraphs":true,"m_FxEnabled":true},"in2DMode":false,"pivot":{"x":0.02541467547416687,"y":0.41929733753204348,"z":-0.08385510742664337},"rotation":{"x":-0.002870139665901661,"y":-0.9677555561065674,"z":0.2516496181488037,"w":-0.011034482158720494},"size":0.22297653555870057,"orthographic":false}