{"cameraMode":{"drawMode":0,"name":"Shaded","section":"Shading Mode"},"sceneLighting":false,"audioPlay":false,"sceneViewState":{"m_AlwaysRefresh":false,"showFog":true,"showSkybox":true,"showFlares":true,"showImageEffects":true,"showParticleSystems":true,"showVisualEffectGraphs":true,"m_FxEnabled":true},"in2DMode":false,"pivot":{"x":0.11697693914175034,"y":2.3580191135406496,"z":-0.45891058444976809},"rotation":{"x":0.3158590495586395,"y":-0.24332471191883088,"z":0.08416100591421128,"w":0.9132094979286194},"size":2.03069806098938,"orthographic":false}